id,displayName,rarity,role,battleAssetPath,motionAssetFolder,hp,attack,defense,speed,normalSkillId,specialSkillId,ultimateSkillId,status
CHAR_001,아일라 로웬,R,Striker,Assets/Art/Characters/Character_01/Battle/character-01-r-striker-coral-comet-duelist-sd-battle-side-v1.png,Assets/Art/Characters/Character_01/Motion/,420,68,32,100,SKILL_CHAR_001_NORMAL,SKILL_CHAR_001_SPECIAL,SKILL_CHAR_001_ULTIMATE,CONFIRMED_ASSET
CHAR_002,에델린 녹스,R,Defender,Assets/Art/Characters/Character_02/Battle/character-02-r-defender-obsidian-court-guard-sd-battle-side-v1.png,Assets/Art/Characters/Character_02/Motion/,620,42,72,80,SKILL_CHAR_002_NORMAL,SKILL_CHAR_002_SPECIAL,SKILL_CHAR_002_ULTIMATE,CONFIRMED_ASSET
CHAR_003,레아 벨몬트,R,Ranger,Assets/Art/Characters/Character_03/Battle/character-03-r-ranger-scarlet-falcon-huntress-sd-battle-side-v1.png,Assets/Art/Characters/Character_03/Motion/,360,82,26,115,SKILL_CHAR_003_NORMAL,SKILL_CHAR_003_SPECIAL,SKILL_CHAR_003_ULTIMATE,CONFIRMED_ASSET
CHAR_004,릴리아 베일,R,Caster,Assets/Art/Characters/Character_04/Battle/character-04-r-caster-dreamlace-witch-sd-battle-side-v1.png,Assets/Art/Characters/Character_04/Motion/,300,76,24,105,SKILL_CHAR_004_NORMAL,SKILL_CHAR_004_SPECIAL,SKILL_CHAR_004_ULTIMATE,CONFIRMED_ASSET
CHAR_005,세실리아 아렌,R,Supporter,Assets/Art/Characters/Character_05/Battle/character-05-r-supporter-azure-cantor-sd-battle-side-v1.png,Assets/Art/Characters/Character_05/Motion/,380,54,30,95,SKILL_CHAR_005_NORMAL,SKILL_CHAR_005_SPECIAL,SKILL_CHAR_005_ULTIMATE,CONFIRMED_ASSET
CHAR_006,베로니카 렌,SR,Assassin,Assets/Art/Characters/Character_06/Battle/character-06-sr-assassin-velvet-eclipse-sd-battle-side-v1.png,Assets/Art/Characters/Character_06/Motion/,350,88,25,120,SKILL_CHAR_006_NORMAL,SKILL_CHAR_006_SPECIAL,SKILL_CHAR_006_ULTIMATE,CONFIRMED_ASSET
CHAR_007,오데트 발렌,SR,Defender,Assets/Art/Characters/Character_07/Battle/character-07-sr-defender-black-swan-aegis-sd-battle-side-v1.png,Assets/Art/Characters/Character_07/Motion/,680,48,78,78,SKILL_CHAR_007_NORMAL,SKILL_CHAR_007_SPECIAL,SKILL_CHAR_007_ULTIMATE,CONFIRMED_ASSET
CHAR_008,마리엘 세렌,SR,Supporter,Assets/Art/Characters/Character_08/Battle/character-08-sr-supporter-pearl-tide-diva-sd-battle-side-transparent-centered-v1.png,Assets/Art/Characters/Character_08/Motion/,370,64,32,100,SKILL_CHAR_008_NORMAL,SKILL_CHAR_008_SPECIAL,SKILL_CHAR_008_ULTIMATE,CONFIRMED_ASSET
CHAR_009,진 연화,SSR,Striker,Assets/Art/Characters/Character_09/Battle/character-09-ssr-striker-jade-dragon-empress-sd-battle-side-transparent-centered-v1.png,Assets/Art/Characters/Character_09/Motion/,520,104,42,120,SKILL_CHAR_009_NORMAL,SKILL_CHAR_009_SPECIAL,SKILL_CHAR_009_ULTIMATE,CONFIRMED_ASSET
