id,characterId,skillType,effectType,displayName,cooldownSeconds,effectMultiplier,iconAssetPath
SKILL_CHAR_001_SPECIAL,CHAR_001,Special,BackRowDamage,궁극기,6,2.2,
SKILL_CHAR_002_SPECIAL,CHAR_002,Special,SingleDamage,궁극기,7,1.8,
SKILL_CHAR_003_SPECIAL,CHAR_003,Special,LowestHpRateDamage,궁극기,6,2.1,
SKILL_CHAR_004_SPECIAL,CHAR_004,Special,AreaDamage,궁극기,8,1.15,
SKILL_CHAR_005_SPECIAL,CHAR_005,Special,Heal,궁극기,6,1.5,
SKILL_CHAR_006_SPECIAL,CHAR_006,Special,SingleDamage,궁극기,6,3,
SKILL_CHAR_007_SPECIAL,CHAR_007,Special,SingleDamage,궁극기,6,3,
SKILL_CHAR_008_SPECIAL,CHAR_008,Special,Heal,궁극기,6,1.5,
SKILL_CHAR_009_SPECIAL,CHAR_009,Special,SingleDamage,궁극기,6,3,
